name:ID(Place),:LABEL
 in ,Place
 in Delaware Co,Place
",or Ame",Place
-495,Place
08,Place
14th District,Place
17,Place
AL,Place
ALERTJAX,Place
AR,Place
AZ,Place
Abbey Gate,Place
Afghanistan,Place
Africa,Place
Airedale,Place
Alabama,Place
Alamodome,Place
Alaska,Place
Albany,Place
Albuquerque,Place
Alexandria,Place
Allentown,Place
America,Place
AmericanRescuePlan,Place
Amite River Basin,Place
Angelus Oaks,Place
Annapolis,Place
Antelope Valley,Place
Apopka,Place
Arctic,Place
Arizona,Place
Arkansas,Place
ArlingtonVo,Place
Armenia,Place
Armistace100,Place
Artesia,Place
Asbury Park,Place
Ashburn,Place
Ashland,Place
Ashland Airport,Place
Asia,Place
Astoria,Place
Atlanta,Place
Atlantic,Place
Atlantic Theater,Place
Augusta,Place
Aurora,Place
Austin,Place
Austria,Place
Avon,Place
Bakken,Place
Baltimore,Place
Baltimore city,Place
Barrington,Place
Barrington Town Hall,Place
Basin,Place
Baton Rouge Parish,Place
Bay Watershed,Place
Bayou Fountain,Place
Bayport,Place
Baytown,Place
Beaufort Coun,Place
Beaver Bayou,Place
Belfast,Place
Belleau Wood,Place
Bentonville West,Place
Berkeley,Place
Berks,Place
Berlin Wall,Place
Betty,Place
Biden White House,Place
Big Pharma,Place
Big Sky Country,Place
Birmingham,Place
Blackwater Bayou,Place
Blanding,Place
Blue Line,Place
Bokeelia,Place
Border,Place
Border Patrol,Place
Boston,Place
Bowling Green,Place
BoyleHeights,Place
Bozeman,Place
Brandon,Place
Braxton County,Place
Brazil,Place
Brea,Place
Brevard,Place
Bridgeport,Place
Bristol,Place
Bristol Bay,Place
Britain,Place
Bronx,Place
Brookfield Zoo,Place
Brookings,Place
Brooklyn,Place
Brooklyn VA,Place
Broward,Place
Broward Counties,Place
Brownsville,Place
Brunswick,Place
Bryan County,Place
Buckthorn Avenue,Place
Buffalo,Place
Bunker Hill,Place
Burlington,Place
Burma,Place
C,Place
CA,Place
CA34,Place
CA35,Place
CA49,Place
CA51,Place
CO,Place
Cabo Rojo,Place
California,Place
California Secretary of State,Place
Cambria County Airport,Place
Cambridge,Place
Camden,Place
Camp Ashland,Place
Camp Hale,Place
Camp Lejeune,Place
Camp Shelby,Place
Canaan,Place
Canada,Place
Capitol,Place
Capitol Building,Place
Capitol Dome,Place
Carbon County,Place
Carmel,Place
Carpinteria,Place
Carrizo Springs,Place
Carthage Area Hospital,Place
Cascade Township,Place
Cathay Manor,Place
Central America,Place
Central Arkansas,Place
Central Ave,Place
Central Coast,Place
Central Europe,Place
Central Florida,Place
Central Valley,Place
Central Valley Sikh,Place
Central Washington,Place
Chaco Canyon,Place
Chaco Culture National Historical Park,Place
Charleston,Place
Charleston County School District,Place
Charleston Harbor,Place
Charlotte,Place
Charter Oak,Place
Chattanooga,Place
Chelmsford,Place
Chesapeake Bay,Place
Chester County,Place
Chicago,Place
China,Place
Chinatown,Place
ChinoHills,Place
Chosin Reservoir,Place
Circleville,Place
City Hall,Place
City West,Place
CityLYNX,Place
Clark County,Place
Clatsop County,Place
Clay,Place
Cleveland,Place
Coachella,Place
Coastal Virginia,Place
Coatesville VA,Place
Coffee,Place
College of,Place
Collier County,Place
Colorado,Place
Columbia,Place
Columbus,Place
Commonweal,Place
Congres,Place
Connecticut,Place
Contra Costa County,Place
Conway,Place
Cook Inlet,Place
Corps,Place
Costa Central,Place
Costa Mesa,Place
County,Place
Court,Place
Cranston,Place
Crooks Beer,Place
Crown Point,Place
Cuba,Place
D,Place
D.C,Place
D.C.,Place
DC,Place
DOH,Place
Dallas,Place
Dallas County,Place
Daviess County,Place
DeSoto,Place
Death Valley,Place
Delaware,Place
Delta,Place
Denmark,Place
Denver,Place
Derby,Place
Derry,Place
Detroit,Place
District,Place
Donovan Manor,Place
Douglas County,Place
Downtown Charleston,Place
Dublin,Place
Duval,Place
Duval County,Place
Dáil,Place
EE.UU.,Place
EIGHTEEN,Place
EU,Place
East,Place
East Coast,Place
East Florida Coast,Place
East Harris County Activity Center,Place
East Texas,Place
Eastern Europe,Place
Eastern Oregon,Place
Eastern Washington,Place
Edgewater,Place
Egipto,Place
Egypt,Place
Eisenhower,Place
El Dorado,Place
El Paso,Place
El-Sheikh,Place
Eleventh District,Place
Elmhurst,Place
Elmhurst Park,Place
Encino,Place
Erie County,Place
Erlanger,Place
Essex County,Place
Essex County Leathernecks,Place
Estados Unidos,Place
Estill County,Place
Estonia,Place
Ethiopia,Place
Euclid Ave,Place
Europe,Place
European-African Theatre,Place
Everett,Place
FL,Place
FL9,Place
FLA,Place
Fairfax County Government Center,Place
Fallujah,Place
Fame,Place
Farmington,Place
Fayette County,Place
Fentanyl,Place
Fifth District,Place
Flagler,Place
Florida,Place
Florida Peninsula,Place
Florida coast,Place
Flower Mound,Place
Flowers Avenue,Place
Foley,Place
Fords,Place
Forest Falls,Place
Fort Detrick,Place
Fort Meyers,Place
Fort Monmouth,Place
Fort Ord,Place
Fort Worth,Place
Fourth District,Place
France,Place
Frederick,Place
Frederick County,Place
Fullerton,Place
GA,Place
Gainesville,Place
Gassaway,Place
Gentilly,Place
Georgia,Place
Germany,Place
Gettysburg,Place
Gibraltar,Place
Gibsonville,Place
Glades,Place
Glasgow,Place
Glendale,Place
Glenroy,Place
Glenview,Place
Gloucester County,Place
GoLink,Place
Goodyear,Place
Grainger County Department of Sanitation,Place
Grand Marshal,Place
Grange,Place
Granholm,Place
Grant County,Place
Grays Harbor,Place
Great Eighth District,Place
Great Falls,Place
Great Lakes National Cemetery,Place
Greater Third Ward,Place
Greenbelt,Place
Greene County,Place
Greene County Courthouse,Place
Greenup County,Place
Greenwich,Place
Guam,Place
Guatemala,Place
Guayanilla,Place
Gulf of Mexico,Place
Gwinnett,Place
Haiti,Place
Hampton VA Medical Center,Place
Hardee,Place
Harris County,Place
Hartford,Place
Hatfield,Place
Havana,Place
Haverhill,Place
Hawaii,Place
Hellcats,Place
Hendry,Place
Hendry County,Place
Herndon,Place
Hetch Hetchy Valley,Place
Hialeah,Place
High Point,Place
HighlandPark,Place
Highlands,Place
Hill Country,Place
Hill Country Veterans Center,Place
Hillsborough,Place
Hochul,Place
Holly,Place
Hong Kong,Place
Honolulu Hale,Place
Houston,Place
Howell,Place
Hudson Valley,Place
Humboldt,Place
Huntington,Place
Hurricane Ian,Place
Hurricane Nicole,Place
IL,Place
Idaho,Place
Idaho Ag,Place
Illinois,Place
Inc,Place
India,Place
India Diwali Celebration,Place
Indian River,Place
Indiana,Place
Indianapolis,Place
Infantry Lodge,Place
Ingeteam,Place
Inland Empire,Place
Inver Grove Heights,Place
Iowa,Place
Iowa Counties,Place
Iran,Place
Iraq,Place
Ireland,Place
Irwindale,Place
Israel,Place
Issaquah,Place
Iwo Jima,Place
Jacksonville,Place
James Island County Park,Place
Japan,Place
Jefferson County,Place
Jersey,Place
Johns Creek,Place
Joliet,Place
Jones Creek,Place
KC,Place
KY,Place
Kansans,Place
Kansas,Place
Kansas City,Place
Keller,Place
Kennesaw,Place
Kenosha,Place
Kenosha County Cente,Place
Kensington,Place
Kent County,Place
Kentucky,Place
Khe,Place
Kherson,Place
Kings Bay,Place
Kingston,Place
Kissena Park,Place
Knoxville,Place
Korea,Place
Korean Peninsula,Place
Kristallnacht,Place
Kuwait,Place
Kyiv,Place
LA02,Place
LACounty,Place
LGBT,Place
LGBTQ+,Place
La Puente,Place
LaMirada,Place
Laconia,Place
Lake City,Place
Lake County,Place
Lake Hughes,Place
Lake Michigan,Place
Lake Okeechobee,Place
Lake Superior,Place
Lake Winnebago,Place
Laketran,Place
Lamont,Place
Laotian,Place
Laredo,Place
Las Vegas,Place
Latvia,Place
Lee,Place
Lee County,Place
Leesburg,Place
Leominster,Place
Leon County,Place
Lexington,Place
Liberty Tree,Place
Licking County,Place
Lincoln,Place
Lincoln County,Place
Linn,Place
Lithuania,Place
Little Rock,Place
Lompoc,Place
London,Place
Londonderry,Place
Long Wharf,Place
Los Angeles County,Place
Los Angeles district,Place
Louisiana,Place
Louisville,Place
Lowell,Place
Luzerne County,Place
MAGA,Place
MI,Place
MN07,Place
MONTANA,Place
MS Armed Forces Museum,Place
MacArther Blvd,Place
Macon,Place
Made,Place
Madison,Place
Madison Avenue,Place
Madison County,Place
Magic City,Place
Main,Place
Main St,Place
Main Street,Place
Main Streets,Place
Maine,Place
Mainers,Place
Manchester,Place
Maricopa County,Place
Marina,Place
Marine Corps,Place
Marine National Monument,Place
Marines,Place
Marion,Place
Marion County,Place
Marshalltown,Place
Martin,Place
Martin County,Place
Maryland,Place
Marysville,Place
Mason City,Place
Maspeth,Place
Massachusetts,Place
Mastodon,Place
Maywood,Place
Med,Place
Medford,Place
Melville,Place
Memphis,Place
Mercer County,Place
Mesa,Place
Meuse-Argonne,Place
Mexico,Place
Miami,Place
Miami County,Place
Miami-Dade,Place
Miami-Dade County,Place
Michigan,Place
Middle East,Place
Milford\nMadison,Place
Mill Creek,Place
Millersburg,Place
Milwaukee,Place
Minnesota,Place
Mississippi,Place
Mississippi River,Place
Missouri,Place
MontCo,Place
Montana,Place
Montana Supreme Court,Place
Montanans,Place
Montecito,Place
Montevallo,Place
Montezuma,Place
Montgomery,Place
Morgantown,Place
Morland,Place
Morris Plains,Place
Mount Tahoma,Place
Mount Zion cemetery,Place
Mountain Home Village,Place
Mountain Iron,Place
NC,Place
ND,Place
NE03,Place
NELA,Place
NH,Place
NJ,Place
NJ12,Place
NM,Place
NOLA,Place
NY,Place
NY-13,Place
NY05,Place
NY19,Place
NY21,Place
NYC,Place
Naples,Place
Nassau,Place
National,Place
National Mall,Place
National Museum,Place
National Recreation Area,Place
National Zoo,Place
Nebraska,Place
Nebraska Guard,Place
Nevada,Place
New,Place
New Canaan,Place
New Castle,Place
New Hampshire,Place
New Haven,Place
New Jersey,Place
New London,Place
New Mexico,Place
New Orleans,Place
New York,Place
New York City,Place
New Zealand,Place
NewJersey,Place
NewYork,Place
Newport,Place
Niles Township,Place
Nor Cal,Place
Normandy,Place
North Carolina,Place
North Carolinians,Place
North Cascades,Place
North Country,Place
North Dakota,Place
North Dakotans,Place
North Florida,Place
North Jersey,Place
North Korea,Place
North Platte,Place
North Richland Hills,Place
North St. Paul Veterans Park,Place
North Texas,Place
North Wilkesboro,Place
Northampton,Place
Northeast,Place
Northeast Canyons,Place
Northeast Wisconsinites,Place
Northeast Yuc,Place
Northeastern,Place
Northern California,Place
Northern Kentucky,Place
Northern Nevada,Place
Northern Virginia,Place
Northern Virginians,Place
Northumberland County,Place
Novolex,Place
Nueces County,Place
OH,Place
OH-12,Place
OORAH,Place
Oak Creek,Place
Oak Glen,Place
Obion County,Place
Ocala,Place
Ocean Grove,Place
Ocean Springs,Place
Oelwein,Place
Ohio,Place
Oireactas,Place
Okeechobee,Place
Okinawa,Place
Oklahoma,Place
OklahomaStandard,Place
Olympia,Place
Omaha Beach,Place
Ontario,Place
Orange County,Place
Orange Street,Place
Oregon,Place
Orlando,Place
Osceola,Place
Osceola County,Place
Oshkosh,Place
Ottawa,Place
Owensboro,Place
PA,Place
Pabradė,Place
Pacific Grove,Place
Pacific Theater,Place
Pacific War,Place
Pacific region,Place
Pacific theater,Place
Paducah,Place
Pakistan,Place
Palladium,Place
Palm,Place
Palm Beach,Place
Palm Beach County,Place
Palm Beaches,Place
Paoli,Place
Paoli Hospital,Place
Paramus,Place
Paris,Place
Paris Climate,Place
Parks Act,Place
Parris Island,Place
Parrish Ave,Place
Pasadena,Place
Pasco County,Place
Pennsylvania,Place
Perkins,Place
Permian Basin,Place
Perth,Place
Phenom Penh,Place
Philadelphia,Place
PicoRivera,Place
Pierce County,Place
Pine Bluff,Place
Pine Island Phillips,Place
Pittsburg,Place
Pittsburgh,Place
Pleasant Garden,Place
Pleasant Grove,Place
Poinciana Parkway,Place
Poland,Place
Polk,Place
Polk County,Place
Pomona,Place
Port Angeles,Place
Portage County,Place
Portland,Place
Prince George’s County,Place
Providence,Place
Puerto Rico,Place
Quantico Virginia,Place
Queens,Place
Queensbury,Place
Quemado,Place
RI-02,Place
Raleigh City Farm,Place
Raleigh County,Place
RamonaGardens,Place
Rand,Place
Rebecca Creek,Place
RedWave,Place
Reno,Place
Rhode Island,Place
Richardson,Place
Richardson City Hall,Place
Richmond,Place
Ridgewood,Place
Rio Grande Sector,Place
Rock Hill,Place
Rock Springs,Place
Rockbridge,Place
Roe,Place
Rosebud,Place
Royal Albert’s Palace,Place
Russellville,Place
Russia,Place
Rzeszow,Place
SBCO,Place
SC,Place
SE,Place
SJ,Place
SPR,Place
SUBASE,Place
Sacramento,Place
Sacramento County,Place
SacramentoCounty,Place
Saddle River County Park,Place
San Antonians,Place
San Antonio,Place
San Bernardino County Animal Care,Place
San Diego,Place
San Diego County,Place
San Fernando Valley,Place
San Francisco,Place
San Pablo,Place
Sanpete Co,Place
Santa Barbara,Place
Santa Clara,Place
Santa Clarita,Place
Santa Cruz County,Place
Santa Monica,Place
Santa Rosa,Place
Sarasota,Place
Sarasota County,Place
Saudi,Place
Saudi Arabia,Place
Sayfie,Place
Sayre,Place
Schumer,Place
Scott St,Place
Seabrook,Place
Seanad,Place
Seaside,Place
Seattle,Place
Selma,Place
Seminole,Place
Seminole County Subtropical Storm Nicole,Place
Senegal,Place
Seventh District,Place
Sharm El-Sheikh,Place
Shelby County,Place
Siberia,Place
Silver State,Place
Simsbury,Place
Snohomish Co,Place
Snyder County,Place
Solano County,Place
Soldati,Place
Somersworth,Place
Sonoma County,Place
South Burlington,Place
South Carolina,Place
South Carolinians,Place
South Dakota,Place
South Florida,Place
South Jersey,Place
South Korea,Place
South Louisiana,Place
South Side City Hall,Place
South Sound,Place
South Stillwater,Place
South Texa,Place
South Texas,Place
SouthSound,Place
Southeast,Place
Southeast Asian American,Place
Southeastern,Place
Southern Border,Place
Southern Illinois,Place
Southern Nevada,Place
Southern Oregon,Place
Southside,Place
Southwest,Place
Southwest Atlantic,Place
Southwest Border,Place
Southwest border,Place
Spring Hill,Place
Springfield,Place
St. Albans,Place
St. Charles Parish,Place
St. Cloud VA,Place
St. John Armenian Church,Place
St. Louis,Place
St. Lucie,Place
St. Lucie County,Place
St. Peter the Apostle Parish,Place
StandWithUkraine,Place
Stansbury,Place
Starr County,Place
States,Place
States Marine Corps,Place
Statesboro,Place
Sterling,Place
Stormont,Place
Sullivan County,Place
Sultana Disaster Museum,Place
Summerhill,Place
Sun City West,Place
Sunbridge Parkway,Place
Supreme Court,Place
Suresnes Cemetery,Place
TN,Place
TX,Place
TX21,Place
TX23,Place
TX38,Place
TZ,Place
Tacoma,Place
Tallahassee,Place
Tampa,Place
Tampa Bay,Place
TampaBay,Place
Tanzania,Place
Tarrant,Place
Telephone Town Hall,Place
Tennessee,Place
Terry County,Place
Texas,Place
Thames River,Place
The,Place
The Grange,Place
Thousand Oaks,Place
Town Hall,Place
Traverse City,Place
Treasure Coast,Place
Tri-Cities,Place
Tripoli,Place
Tulare,Place
Tun Tavern,Place
Tysons,Place
U.N. Climate Conference,Place
U.S,Place
U.S.,Place
U.S. Appeals Court,Place
U.S. Armed Forces,Place
U.S. Army,Place
U.S. Capitol,Place
U.S. Climate,Place
U.S. Delegation,Place
U.S. Department of Justice,Place
U.S. Forest Service,Place
U.S. House,Place
U.S. House Judiciary Committee,Place
U.S. House of Representatives,Place
U.S. International Climate Finance Plan,Place
U.S. Marine Corps,Place
U.S. Marines,Place
U.S. Marines Corps,Place
U.S. Navy,Place
U.S. Pavillion,Place
U.S. Senate,Place
U.S. Service Academies,Place
U.S. Small Business Administration,Place
U.S. Supreme Court,Place
U.S. \nI,Place
U.S. border,Place
U.S. coal,Place
U.S. diesel,Place
U.S. flag,Place
U.S. military,Place
U.S.S.,Place
U.S.S. Intrepid,Place
U.S.\n\n1,Place
UN,Place
US,Place
US Capitol,Place
US House,Place
US Marine Corps,Place
US Marines,Place
USA,Place
USMC,Place
Uk,Place
Ukraine,Place
Union Station,Place
United States,Place
United States Marine Corps,Place
United States of,Place
United States of America,Place
Upper Saddle River,Place
Utah,Place
VA,Place
VIRGINIA,Place
VT,Place
Va,Place
Valley,Place
Valley Ag,Place
Vandenberg SFB,Place
Venezuela,Place
Venice,Place
Vermont,Place
Vernon,Place
Vero Beach,Place
Veterans Cemetery,Place
Veterans Memorial Hall,Place
Vicksburg,Place
Vietnam,Place
Vilnius,Place
Virginia,Place
Virginia House,Place
Virginians,Place
Volusia Cou,Place
WA,Place
WNY,Place
WV,Place
WWII,Place
Wall Street,Place
Walnut Street,Place
Ward Creek,Place
Warren,Place
Washington,Place
Washington DC,Place
Washington state,Place
Waterloo,Place
Wenatchee,Place
Wentzville,Place
West Bloomfield,Place
West Coast,Place
West Michigan,Place
West Side,Place
West Texas,Place
West Virginia,Place
West Virginian,Place
West Virginians,Place
Western New York,Place
Westmoor,Place
White,Place
White Bear Lake VFW Post,Place
White House,Place
Wichita,Place
Wiesbaden,Place
Wild Duck Pond,Place
Williston,Place
Willowbrook,Place
Winston-Salem Northern Beltway,Place
Wisconsin,Place
Woodbridge,Place
Worcester,Place
Worthington,Place
Wyoming,Place
YAI,Place
Yuma,Place
Zebulon,Place
\u2069 Montgomery Co,Place
ing Ukr,Place
l ,Place
leaning S,Place
rom Miss,Place
southeastern,Place
southwestern Atlantic,Place
ty,Place
utpol,Place
